dataset,reticulations,rank,log_probability,network
lac,1,1,-13987378.310022974,"((Zootoca_vivipara:0.25677354575966416,Lacerta_agilis:1.2026356779081948):3.652813412086989,((Podarcis_siculus:1.7506392426102035,(Podarcis_muralis:1.403553833676002,(((Podarcis_vaucheri:0.502986257623065,Podarcis_bocagei:0.26654263440142406):0.4296356647363511,Podarcis_liolepis:0.4085003329998631):2.078072177417302)#H1:0.48679011719881643::0.7801372331743996):2.3641207761380794):0.13165823774692947,(((Podarcis_raffonei:1.762318387538715,Podarcis_filfolensis:1.72006539802722):0.648313161128423,((Podarcis_cretensis:1.1511979431749633,Podarcis_erhardii:2.112986403832166):2.923160448928138,(Podarcis_gaigeae:0.7886876562751788,Podarcis_melisellensis:4.460034580336851):1.2851840660974008):0.779918179244915):0.28118862288228014,(Podarcis_tiliguerta:4.401142697353949,(Podarcis_pityusensis:0.6382977403331845,#H1:2.052600271490827::0.21986276682560038):1.1287658724958747):0.8889746643000185):0.3065924576297063):4.470041758034534);"
lac,1,2,-14000625.9501828,"((Lacerta_agilis:0.11814559877032318,Zootoca_vivipara:1.3878487361201453):5.106996128878534,((Podarcis_siculus:1.7577857793321932,(Podarcis_muralis:10.750945633167156,((Podarcis_bocagei:4.523152346414866,(Podarcis_liolepis:0.0012971222831552175,Podarcis_vaucheri:0.04102957548119261):0.07032637387805958):2.8231818117868417)#H1:1.0269591942281395::0.7503450551088708):2.828905536720173):0.14888429038557613,(((Podarcis_filfolensis:2.6395573795812197,Podarcis_raffonei:1.1115633403293548):0.905956431498088,((Podarcis_cretensis:3.7208332263097743,Podarcis_erhardii:4.736116765076099):2.1694819218814745,(Podarcis_gaigeae:2.3055120099680826,Podarcis_melisellensis:1.8660008670852521):1.5513255439775266):0.7709848409034095):0.3237798603181835,(Podarcis_pityusensis:5.404439230630197,(#H1:0.8317922715717986::0.24965494489112922,Podarcis_tiliguerta:0.9640643997363789):0.018410672769612613):0.6918809928060785):0.2456012394517566):4.666899994069248);"
lac,1,3,-14001984.227459896,"((Lacerta_agilis:0.5680817482782363,Zootoca_vivipara:4.3060933116644105):4.0866326913405295,((Podarcis_siculus:4.36369482389386,(((Podarcis_raffonei:4.590886077071601,Podarcis_filfolensis:2.191722085392125):0.7431917813700536,((Podarcis_melisellensis:1.0626993564510179,Podarcis_gaigeae:1.7616639139093806):1.4629081031069333,(Podarcis_cretensis:1.723833258084491,Podarcis_erhardii:0.3464737584327171):2.3053240485738646):0.9437192225561994):0.2671498364368966,(Podarcis_tiliguerta:1.210155400786949,(Podarcis_pityusensis:0.24816171722674318,(((Podarcis_bocagei:7.781766315063486,Podarcis_vaucheri:8.758573898640584):0.42059214858677385,Podarcis_liolepis:0.03619047808407945):2.359161564032458)#H1:3.9266802426756833::0.22228365504986225):0.7682105172885774):0.8853336768486461):0.2636859833826671):0.03862594681528343,(#H1:3.467175920482997::0.7777163449501378,Podarcis_muralis:0.817682516979706):2.4080422687320358):3.970385484931985);"
lac,1,4,-14003347.737609563,"((Lacerta_agilis:1.5693444779460006,Zootoca_vivipara:2.771656471877244):4.009278228506683,(Podarcis_siculus:3.5892778969549823,((Podarcis_muralis:1.1975544244943932,((Podarcis_liolepis:3.510516663722851,(Podarcis_bocagei:1.3884219583314872,Podarcis_vaucheri:0.9126988894556061):0.3156105282660918):2.2402968753983115,((Podarcis_pityusensis:6.469092240807662,Podarcis_tiliguerta:0.7287037915940571):0.07101885133164662)#H1:0.8603051730827369::0.1753878920325853):0.4748272205413904):1.2009772393690763,((((Podarcis_cretensis:0.01340941850696363,Podarcis_erhardii:3.396193017603336):1.7563365116205476,(Podarcis_melisellensis:0.02249381430385608,Podarcis_gaigeae:1.3903667609330825):1.038263596888146):0.9006435692475193,(Podarcis_filfolensis:6.043440230378321,Podarcis_raffonei:0.6267711156625291):0.8064666055839381):0.21857842781569345,#H1:1.4374038557382642::0.8246121079674147):0.30338539468353165):0.00694930802991222):4.034873239622548);"
lac,1,5,-14009738.453205448,"((Zootoca_vivipara:0.5485246433604605,Lacerta_agilis:1.0001801716514631):4.858682052071443,((Podarcis_siculus:3.4230854127024433,(((Podarcis_liolepis:2.9554112662006835,(Podarcis_vaucheri:2.5799850823681254,Podarcis_bocagei:4.5386859588577005E-4):0.5592075551493866):2.1743875732733606,Podarcis_muralis:6.740571294930447):0.7077738246669656,((Podarcis_tiliguerta:3.3064260010838336,Podarcis_pityusensis:3.3733529729882585):0.3060428960973081)#H1:0.26106257965582824::0.40790128011918936):0.3117088894503205):0.05500253626921539,(#H1:1.1303428591164395::0.5920987198808106,((Podarcis_raffonei:1.7856342155173528,Podarcis_filfolensis:1.5062985194758016):0.7104225650552625,((Podarcis_melisellensis:10.048575699498361,Podarcis_gaigeae:1.9052473003017356):1.8080589512906635,(Podarcis_erhardii:1.5364121185728998,Podarcis_cretensis:1.584051593468422):1.8294005706300376):0.7061082398099625):0.04913908684255222):0.49306086496734397):4.989773355541486);"
lac,1,6,-14010303.296497134,"((Zootoca_vivipara:0.35066165110480974,Lacerta_agilis:3.902882450699096):3.479901771290682,(((Podarcis_raffonei:0.7922517596156398,Podarcis_filfolensis:2.671772622542239):0.8850531465946335,(((Podarcis_melisellensis:2.259007142082164,Podarcis_gaigeae:0.6125958986963604):1.0438956914290451,(Podarcis_cretensis:1.945017525729873,Podarcis_erhardii:0.9751976807153893):1.6373562664472554):0.9700308608096252,((Podarcis_tiliguerta:10.78382387456912,Podarcis_pityusensis:1.226489001897432):0.5082554292140675)#H1:0.9430843992709574::0.617737523423065):0.007168209102854667):0.4924042466350774,(Podarcis_siculus:2.4219375850986307,(#H1:0.6803622165949552::0.382262476576935,(Podarcis_muralis:1.1008134767244913,((Podarcis_vaucheri:0.011594879598312825,Podarcis_bocagei:0.49070239681536854):0.5673676147587898,Podarcis_liolepis:2.2140988515466815):2.0593898180711006):0.5478221385098824):0.4375108543388743):0.10535494721662614):4.595225506912113);"
lac,1,7,-14010788.403047482,"((Podarcis_siculus:3.5892778969549823,((Podarcis_muralis:1.1975544244943932,((Podarcis_bocagei:0.6288482510668445,(Podarcis_liolepis:3.5621073217134134,Podarcis_vaucheri:1.5318389548482911):0.15339199081238586):1.8131550590057268,((Podarcis_pityusensis:6.469092240807662,Podarcis_tiliguerta:0.7287037915940571):0.1414416283539072)#H1:1.1938761589523754::0.1784398048054734):0.8255972375224546):1.2771456951124398,(((Podarcis_filfolensis:6.043440230378321,Podarcis_raffonei:0.6267711156625291):0.6869545804744001,((Podarcis_erhardii:3.396193017603336,Podarcis_cretensis:0.01340941850696363):1.8198671541585756,(Podarcis_melisellensis:0.02249381430385608,Podarcis_gaigeae:1.3903667609330825):1.043920840652394):0.8318815065371326):0.20234551489991015,#H1:1.981517216639449::0.8215601951945266):0.341828653315548):0.006774681817081324):4.146755308273586,(Zootoca_vivipara:2.771656471877244,Lacerta_agilis:1.5693444779460006):3.727459367738575);"
lac,1,8,-14011000.796183592,"((Lacerta_agilis:1.0001801716514631,Zootoca_vivipara:0.5485246433604605):4.102806161590994,((Podarcis_siculus:3.4230854127024433,(((Podarcis_tiliguerta:3.3064260010838336,Podarcis_pityusensis:3.495513994773493):0.380295222655893)#H1:0.8405404322457144::0.2625817911415427,(Podarcis_muralis:6.740571294930447,(Podarcis_vaucheri:2.5799850823681254,(Podarcis_liolepis:2.887470669803136,Podarcis_bocagei:2.6663493206997865E-5):0.06500335138084465):1.978781239669165):0.43621497311455876):0.9327170000848805):0.008036975569062021,(((Podarcis_raffonei:1.7856342155173528,Podarcis_filfolensis:1.5062985194758016):0.700434974784756,((Podarcis_melisellensis:10.048575699498361,Podarcis_gaigeae:1.9052473003017356):1.2095969047077657,(Podarcis_erhardii:1.5364121185728998,Podarcis_cretensis:1.584051593468422):1.5544603279867037):0.8237408121803041):0.09464569017549047,#H1:0.4474418099984584::0.7374182088584573):0.4355566784546494):4.351390905587399);"
lac,1,9,-14012961.426028222,"((Zootoca_vivipara:1.2215303247283509,Lacerta_agilis:0.01609395028013716):4.5683076964594695,((Podarcis_siculus:9.20219236927661,(Podarcis_muralis:2.090719960428103,((Podarcis_vaucheri:1.8658665039529323,(Podarcis_bocagei:3.974601958412669,Podarcis_liolepis:0.05991027540847427):0.10472462910777):2.2957139672508453)#H1:0.09300363178243555::0.7568992053187589):3.3668351696092618):0.09427575663088547,((((Podarcis_erhardii:5.497325846579118,Podarcis_cretensis:1.1587356806312066):2.338879788200164,(Podarcis_gaigeae:0.9590995927372505,Podarcis_melisellensis:3.3102044402974906):1.3233311734544015):0.9683482199981155,(Podarcis_raffonei:2.2520092863275964,Podarcis_filfolensis:4.754039200187663):0.7392285646973119):0.27674214764867916,(Podarcis_pityusensis:4.481622604909113,(Podarcis_tiliguerta:1.5093573286283855,#H1:1.6088633759548538::0.24310079468124118):1.1000950190786982):0.6283316358316747):0.29856122020500625):4.419705446228691);"
lac,1,10,-14015458.49498837,"((Lacerta_agilis:0.5680817482782363,Zootoca_vivipara:4.3060933116644105):4.198499748001839,(Podarcis_siculus:4.392651795467104,((((Podarcis_raffonei:4.590886077071601,Podarcis_filfolensis:2.191722085392125):1.0681043341515601,((Podarcis_erhardii:0.3464737584327171,Podarcis_cretensis:1.723833258084491):2.3868941034075486,(Podarcis_melisellensis:1.0626993564510179,Podarcis_gaigeae:1.7616639139093806):1.601796780310986):0.9198294364018947):0.21242332327325644,(Podarcis_tiliguerta:1.2101554007869493,(Podarcis_pityusensis:0.24816171722674318,(((Podarcis_vaucheri:8.758573898640584,Podarcis_bocagei:7.781766315063486):0.7494999962473494,Podarcis_liolepis:0.03619047808407945):2.511230269554212)#H1:3.4776479680640056::0.2404560044128259):0.5363006400389834):0.6511009951451708):0.29974962551591855,(Podarcis_muralis:0.817682516979706,#H1:3.5663704801921305::0.7595439955871741):2.3342082696550484):0.004383138319288405):4.061581749385067);"
lac,2,1,-13974999.296765743,"((Zootoca_vivipara:1.2250059800619755,Lacerta_agilis:5.067656785258551):4.3965332000292205,((Podarcis_siculus:2.622581929707957,((Podarcis_tiliguerta:4.128594317669382,(Podarcis_pityusensis:0.725973508023201,((Podarcis_liolepis:1.1195734188694262,(Podarcis_vaucheri:3.0260362813022867,Podarcis_bocagei:0.005097083077699641):0.06891110519576946):2.343591650856248)#H1:7.417955350345512::0.2265275624924873):0.6356687105357988):0.6693560735867699,(((Podarcis_melisellensis:5.286843153044394,Podarcis_gaigeae:0.653796638447482):1.1974342428406364,(Podarcis_cretensis:11.072435827623806,Podarcis_erhardii:0.5295898932256962):1.815665014321279):0.855991493144154,(Podarcis_filfolensis:3.1876555170932477,(Podarcis_raffonei:0.01240443930922844)#H2:0.011236856223947113::0.9144817693256188):1.2169487639402954):0.24102993842423315):0.3073539037271226):0.02089819373671134,(#H1:0.1598534268794547::0.7734724375075127,(Podarcis_muralis:1.8060633737869995,#H2:3.127492551716769::0.08551823067438129):2.8727131395796395):2.1957493966076003):4.148890185480662);"
lac,2,2,-13978003.880035415,"((Zootoca_vivipara:2.2748462043510873,Lacerta_agilis:1.9417315239992456):2.962304017441383,(((((Podarcis_gaigeae:0.6141786507034834,Podarcis_melisellensis:19.326811881809427):1.5178629977046878,(Podarcis_erhardii:0.5744526317043275,Podarcis_cretensis:2.573926894125652):2.0091981703643023):0.8319623089055974,(Podarcis_filfolensis:2.0353539176332855,Podarcis_raffonei:4.865755309099141):0.7737246549024104):0.2822933112336816,(Podarcis_tiliguerta:6.691611562643049,((((Podarcis_bocagei:5.781696632264232,Podarcis_vaucheri:0.02625260246778663):0.25095884238296046,Podarcis_liolepis:6.171299955514844):2.206958728657056)#H1:3.4111610032859083::0.16632776250293807,Podarcis_pityusensis:2.1416893868972235):1.8351753450049437):0.6458241460947329):0.23405456791050813,(Podarcis_siculus:1.4121720683988617,(Podarcis_muralis:2.0834711874286147,#H1:1.3420041026755738::0.833672237497062):1.6843933565821634):0.07372995039279841):4.494024766881424);"
lac,2,3,-13980732.420923416,"((Lacerta_agilis:0.2091725384747496,Zootoca_vivipara:1.0770512518364592):3.5108204228747955,((((Podarcis_filfolensis:0.30466522841498755,Podarcis_raffonei:4.027899945868952):0.8620825148701304,((Podarcis_gaigeae:5.165964028271272,Podarcis_melisellensis:8.137864663023713):1.3016415024363774,(Podarcis_cretensis:1.283783829159816,Podarcis_erhardii:2.8180968044266006):1.2348189294503018):0.9518473255555198):0.27493524780469647,(Podarcis_tiliguerta:2.5366362660877337,(((Podarcis_bocagei:0.2477445181389908,(Podarcis_liolepis:1.2496238716223496,Podarcis_vaucheri:0.37996937699303646):0.05509497906316448):2.0827369238704443)#H1:3.910966977543002::0.1729879519130245,Podarcis_pityusensis:1.4302396549298035):1.2080977567867281):0.6753201786121095):0.2770940167018078,(Podarcis_siculus:2.2508968423245914,(Podarcis_muralis:2.639792829823561,#H1:3.629259363957434::0.8270120480869755):1.6931406337141184):0.0946735714397303):4.4986599019021);"
lac,2,4,-13981387.776847793,"((Zootoca_vivipara:1.7172119859517574,Lacerta_agilis:0.574813594021663):4.304412674172016,((Podarcis_siculus:1.527057739605914,(((Podarcis_tiliguerta:2.6399178723780707,Podarcis_pityusensis:1.5902657107408418):0.5366641692002139)#H1:0.05567440315642723::0.8639913963637665,((((Podarcis_gaigeae:2.1087580575442195,Podarcis_melisellensis:3.427718307984218):1.4422114463511524,(Podarcis_cretensis:0.8730906601768746,Podarcis_erhardii:4.663720756562901):2.230322033365348):0.5259698524771963)#H2:3.3388750345232205::0.35441548064905604,(#H2:0.6186372765673865::0.645584519350944,(Podarcis_filfolensis:0.7733953995829341,Podarcis_raffonei:4.606416082805475):0.6141081993890872):0.2070789283280668):0.08124046359252333):0.3238922739523625):0.005553535999423979,(Podarcis_muralis:1.8173257909561271,((Podarcis_liolepis:0.8925851797149673,(Podarcis_bocagei:3.1292934395230603,Podarcis_vaucheri:6.610195853537757):0.4599192256007846):0.7613039322705032,#H1:2.4179574965407875::0.13600860363623343):1.3855737526563032):1.1909046510630714):4.52471440898026);"
lac,2,5,-13983697.320312606,"((Zootoca_vivipara:2.828602886209488,Lacerta_agilis:0.045610219923457956):3.5160113430311277,((Podarcis_siculus:5.57278613287426,(Podarcis_muralis:1.4389365766625577,(((Podarcis_bocagei:2.6256954662360674,Podarcis_vaucheri:3.7902887518947947):0.45798113050236267,Podarcis_liolepis:3.143827305815873):1.6021751759970357,((Podarcis_tiliguerta:2.3941441533156773,Podarcis_pityusensis:2.9327197770979563):0.32561168496833826)#H1:3.0457577646690197::0.2162693696982274):0.49561583203390336):1.135895166836204):0.03894009980730498,(#H1:0.4327356270736272::0.7837306303017726,((Podarcis_raffonei:3.301516293592453,Podarcis_filfolensis:1.6273351848868765):0.7137079436865987,((Podarcis_melisellensis:1.437350895195428,Podarcis_gaigeae:2.0790841519307657):1.2992018228565012,(Podarcis_erhardii:0.31440515701623106,Podarcis_cretensis:3.1932980934794672):1.8690439140219244):0.9500733903797616):0.1325300963988203):0.362376656641759):4.608336991019398);"
lac,2,6,-13985091.294192534,"((Lacerta_agilis:0.19970074448679342,Zootoca_vivipara:1.2287371032092826):3.3538790405203454,((Podarcis_siculus:3.216844551485072,(((Podarcis_raffonei:12.013875564919049,Podarcis_filfolensis:6.493105869911691):0.6225253435426534,((Podarcis_melisellensis:10.06027251166374,Podarcis_gaigeae:2.91655445019404):1.2541589428447795,(Podarcis_erhardii:1.6506792874157585,Podarcis_cretensis:1.0108797280775916):1.7921943518361467):0.848639596950847):0.2438113473799134,(Podarcis_tiliguerta:2.2992189148447237,((Podarcis_pityusensis:0.9681470224015178)#H1:1.0::0.5,(((Podarcis_liolepis:0.2496209869805031,(Podarcis_bocagei:0.005567590417710218,Podarcis_vaucheri:2.0315753050126264):0.45894250019177163):2.251419686605889)#H2:1.7234059143271132::0.22274027747320224,#H1:1.6031391433649993::0.5):1.6430164025344494):0.24211054690248351):0.670856306436504):0.27161357074126696):0.0026200986259726673,(#H2:3.3117786479965323::0.7772597225267978,Podarcis_muralis:4.075073726469256):2.596069941430648):4.459282774456735);"
lac,2,7,-13986578.310642196,"((Lacerta_agilis:1.035093561266422,Zootoca_vivipara:1.8377229610057353):3.830293963179581,((((Podarcis_filfolensis:1.3571787411620755,Podarcis_raffonei:1.923116403123018):0.7522507701044118,((Podarcis_erhardii:0.13770866558936418,Podarcis_cretensis:1.1884131186884734):1.2151919641859614,(Podarcis_gaigeae:5.827485571192131,Podarcis_melisellensis:1.2407961020337472):1.2687513583278922):0.8330641255993939):0.27355963420134166,((Podarcis_pityusensis:0.6951484920032112,Podarcis_tiliguerta:1.3689513886356575):0.47179841781606036)#H1:0.11853497544562211::0.8550183339797406):0.3243924117251998,(Podarcis_siculus:1.526141134436247,(Podarcis_muralis:1.4768817350469328,(#H1:3.7027190158218284::0.14498166602025941,(Podarcis_vaucheri:3.7945406348140986,(Podarcis_liolepis:0.09685154004555122,Podarcis_bocagei:4.6994374901784095):0.03367103461082619):1.3105741308848506):1.274242778281344):1.1669604548714203):0.08470104225372141):4.341186874499286);"
lac,2,8,-13986900.147037057,"((Lacerta_agilis:5.067656785258551,Zootoca_vivipara:1.2250059800619755):4.407790474511266,((Podarcis_muralis:1.8060633737869995,(((Podarcis_liolepis:1.1195734188694262,(Podarcis_bocagei:0.005097083077699641,Podarcis_vaucheri:3.0260362813022867):0.11458350446898014):2.343591650856248)#H1:0.1598534268794547::0.7573373898974001,(Podarcis_raffonei:0.01240443930922844)#H2:1.0::0.0999731125016351):2.0347577609597183):5.097120191409133,(Podarcis_siculus:2.622581929707957,((Podarcis_tiliguerta:4.128594317669382,(Podarcis_pityusensis:0.725973508023201,#H1:7.418050373878579::0.24266261010259993):0.6356687105357988):0.6693560735867699,(((Podarcis_gaigeae:0.653796638447482,Podarcis_melisellensis:5.286843153044394):1.1974342428406364,(Podarcis_cretensis:11.072435827623806,Podarcis_erhardii:0.5295898932256962):1.7334184717930108):0.785489977597348,(Podarcis_filfolensis:3.1876555170932477,#H2:0.011236856223947113::0.9000268874983649):1.2126883415560035):0.25111404625090844):0.3073539037271226):0.02089819373671134):4.143818593489964);"
lac,2,9,-13988060.23216457,"((Lacerta_agilis:1.035093561266422,Zootoca_vivipara:1.8377229610057353):3.9554439227298976,((Podarcis_muralis:1.4768817350469328,(((Podarcis_pityusensis:0.6951484920032112,Podarcis_tiliguerta:1.3689513886356575):0.6141996513387069)#H1:3.6957515831751637::0.17483178859806847,(Podarcis_liolepis:0.09534368504377645,(Podarcis_vaucheri:3.7945406348140986,Podarcis_bocagei:4.597428579332838):0.12028471487565945):1.6104445007189803):1.0888417130455013):1.1606658084432286,(Podarcis_siculus:2.070475454639098,(((Podarcis_raffonei:1.923116403123018,Podarcis_filfolensis:1.3571787411620755):0.8902880266588151,((Podarcis_gaigeae:5.827485571192131,Podarcis_melisellensis:1.2407961020337472):1.3556495737874756,(Podarcis_erhardii:0.13770866558936418,Podarcis_cretensis:1.1884131186884734):1.8086543375310478):0.7328520880599105):0.2254417256965722,#H1:0.046127533181557615::0.8251682114019315):0.32477849603847403):0.00994623455555741):4.303440787590646);"
lac,2,10,-13989302.537404008,"((Lacerta_agilis:0.574813594021663,Zootoca_vivipara:1.7172119859517574):3.98138425846186,((Podarcis_siculus:1.527057739605914,(Podarcis_muralis:1.8173257909561271,(Podarcis_bocagei:1.7804820348965769,(Podarcis_liolepis:1.3775994731022003,(Podarcis_vaucheri:4.502752555785696,((Podarcis_pityusensis:1.5902657107408418,Podarcis_tiliguerta:2.6399178723780707):0.2141362434115719)#H1:1.8553232481140143::0.12794493542880092):0.23844308327471345):0.025303435022531927):2.134492376479529):1.1040604427194736):0.06155735006958009,(((Podarcis_filfolensis:1.1221990772668375,Podarcis_raffonei:3.7638891856577503):0.8362343001557616,((Podarcis_erhardii:1.5669527915723962,Podarcis_cretensis:0.9237654698340565):2.1012333696369034,(Podarcis_melisellensis:2.1532390387783575,Podarcis_gaigeae:2.866479855105458):1.3432680593492814):0.7839976184032237):0.24178096757427922,#H1:0.8011482561236902::0.8720550645711991):0.30524081396460157):4.36680658634161);"
lac,3,1,-13951139.542227075,"((Lacerta_agilis:2.961163713919606,Zootoca_vivipara:0.4123179130863017):4.19842774184702,((((Podarcis_tiliguerta:7.381475811433578,(Podarcis_pityusensis:0.8228513008041787,((Podarcis_liolepis:1.4016252215246423,(Podarcis_bocagei:0.1545892387583898,Podarcis_vaucheri:2.4733759563520827):0.19178987322794366):2.3366334939617484)#H2:7.581626340134517::0.19496713496966067):0.40239827845681175):0.1316062108866206)#H1:2.745056523609813::0.7198240043071291,((Podarcis_raffonei:0.7121900193160666,(Podarcis_filfolensis:3.087450492856332)#H3:1.090864850462075::0.643405712986387):1.6672217242094425,(#H3:0.31073522884762783::0.35659428701361295,((Podarcis_gaigeae:2.5129950595364337,Podarcis_melisellensis:4.394624908367552):1.199387464061934,(Podarcis_cretensis:4.63207442836991,Podarcis_erhardii:2.090711044075686):1.4014494694546473):0.633212569931883):0.3670271631490779):0.08592593537272229):0.43792188733781756,(Podarcis_siculus:1.4786251375996584,(#H1:0.3340941905531657::0.2801759956928709,(Podarcis_muralis:3.9911057093108697,#H2:0.9258884642851727::0.8050328650303393):1.9145929435340145):0.13939761238524528):0.09919112861648607):4.5070160204624585);"
lac,3,2,-13958379.689422918,"((Lacerta_agilis:0.00193264498751266,Zootoca_vivipara:2.3074924879782435):3.870114584368072,(((Podarcis_siculus:2.697839632502279,(Podarcis_muralis:0.8198458110985942,((Podarcis_vaucheri:0.24116857366294864,(Podarcis_bocagei:0.7593797099213844,Podarcis_liolepis:0.02370175947543346):0.0019453310768498683):2.2590476378125564)#H1:5.311647806182065::0.6379404100034134):6.423493476978678):0.023074290586092807,((Podarcis_raffonei:0.8258291731606306)#H2:0.12163844133100196::0.19649777079813321,(#H1:3.452177833553821::0.3620595899965866,((Podarcis_tiliguerta:1.8525052012113785,Podarcis_pityusensis:1.699341631086086):0.23921186427452712)#H3:0.6463407391580948::0.4712505950392918):2.5353520899056456):1.579763527151274):0.06586587326595633,(#H3:2.007245135551072::0.5287494049607082,(((Podarcis_gaigeae:5.633436360397209,Podarcis_melisellensis:0.8135332446141295):1.5114898622067428,(Podarcis_cretensis:1.771797583638203,Podarcis_erhardii:1.429543733056696):1.7918225247630315):0.6433312373209712,(Podarcis_filfolensis:1.674344822548305,#H2:0.3257208928151978::0.8035022292018668):1.9003117755231047):0.1465735227403412):0.5786113278499799):4.990084407863112);"
lac,3,3,-13962852.057937223,"((Lacerta_agilis:1.5664947153065292,Zootoca_vivipara:2.056012416133536):3.7042460879983996,(((((Podarcis_bocagei:0.021682126132947545,Podarcis_liolepis:4.580579973963859):0.024242407335835672,Podarcis_vaucheri:0.32453050036166176):1.5267646749862833,((Podarcis_tiliguerta:1.4762330583568861,Podarcis_pityusensis:1.3669208714937255):0.16666976904537067)#H1:0.2096215696195414::0.1635290021502005):0.8081589052291142,((Podarcis_raffonei:0.37723057008595795)#H2:5.549345413883534::0.07910568567926579,Podarcis_muralis:0.4392071943830985):0.6715652122904914):1.2103290887535565,(Podarcis_siculus:3.5015258650648997,(#H1:0.796499896134573::0.8364709978497995,(((Podarcis_filfolensis:1.0159774371126105,#H2:4.665095459766917::0.9208943143207342):0.5465149826084351)#H3:0.6482743169489661::0.5009383156722197,(#H3:0.6358300066670257::0.4990616843277803,((Podarcis_cretensis:0.10775424479687834,Podarcis_erhardii:2.9179053958884227):1.7395090897095282,(Podarcis_melisellensis:3.448311944646857,Podarcis_gaigeae:0.2716352713813402):1.4555626859211939):0.7357890501839751):0.11233136224861065):0.18662890094981774):0.35882862872325716):0.005828750876365407):4.295786662716791);"
lac,3,4,-13964224.388853699,"((Zootoca_vivipara:2.056012416133536,Lacerta_agilis:1.5664947153065292):3.6922998188661644,(((((Podarcis_pityusensis:1.3669208714937255,Podarcis_tiliguerta:1.4762330583568861):0.12404990524309806)#H1:0.1989121335692649::0.1820063251150531,((Podarcis_bocagei:0.021682126132947545,Podarcis_liolepis:4.580579973963859):0.050210658266737485,Podarcis_vaucheri:0.32453050036166176):1.1866627439651394):0.8051644327546772,(Podarcis_muralis:0.4392071943830985,((Podarcis_raffonei:0.37723057008595795)#H3:3.693359623234909::0.2070465879011667)#H2:1.8559857906486248::0.4693507799699883):0.16884717019415543):1.29295203186626,(Podarcis_siculus:3.5015258650648997,(#H1:1.1875027825712197::0.8179936748849469,(#H2:1.0::0.5306492200300117,(((Podarcis_cretensis:0.10775424479687834,Podarcis_erhardii:2.9179053958884227):1.5963073164113857,(Podarcis_melisellensis:3.448311944646857,Podarcis_gaigeae:0.2716352713813402):1.178033085670153):0.7711334212032629,(#H3:4.665095459766917::0.7929534120988333,Podarcis_filfolensis:1.0159774371126105):1.4043781647928044):0.12320527877415732):0.13667222387281192):0.3637277360002948):0.00372790191310508):4.613712717937394);"
lac,3,5,-13964540.277245048,"((Lacerta_agilis:0.00193264498751266,Zootoca_vivipara:2.3074924879782435):4.269564976908159,((((Podarcis_pityusensis:1.631457283401867,Podarcis_tiliguerta:2.0300584311136145):0.2903264805252335)#H1:0.4091449162704225::0.8535280590650686,(((Podarcis_melisellensis:0.8135332446141295,Podarcis_gaigeae:5.633436360397209):0.9244593308410306,(Podarcis_cretensis:1.771797583638203,Podarcis_erhardii:1.429543733056696):1.7120776068649468):0.8499122750565896,((Podarcis_raffonei:0.027823227810105156)#H2:1.5229591495509567::0.896154315375612,Podarcis_filfolensis:1.674344822548305):0.7031205677201613):0.23298808224181353):0.3676029849229634,(Podarcis_siculus:2.697839632502279,(((#H1:1.1177020064948993::0.14647194093493143,((Podarcis_vaucheri:0.3002125390016156,Podarcis_bocagei:0.07989827655925943):0.52732642230512,Podarcis_liolepis:0.16875447884562397):0.4758732614583655):1.7841966629929247)#H3:4.206664129369162::0.604295660582358,(Podarcis_muralis:0.9125076948197688,(#H2:0.12095425845350166::0.10384568462438803,#H3:0.15943103862077695::0.39570433941764205):8.887199382968507):8.186981714171926):0.49121793644281886):0.10437875367590792):4.241519284693328);"
lac,3,6,-13966381.256826954,"((Lacerta_agilis:2.961163713919606,Zootoca_vivipara:0.4123179130863017):4.909605112676788,((Podarcis_siculus:1.4786251375996584,(((Podarcis_tiliguerta:7.381475811433578,(Podarcis_pityusensis:0.8228513008041787,((Podarcis_liolepis:1.4016252215246423,(Podarcis_vaucheri:2.4733759563520827,Podarcis_bocagei:0.1545892387583898):0.4317583952243964):2.2958257944240485)#H2:6.254879327650774::0.22948942873744738):0.45179261215269123):0.21099154265426956)#H1:0.2546275561047847::0.3245315019679931,(#H2:0.4728033304904224::0.7705105712625526,Podarcis_muralis:3.9911057093108697):2.0435412432691193):0.058877772667845364):0.07996054045559249,(((Podarcis_raffonei:0.7121900193160666,Podarcis_filfolensis:4.178315343318407):0.8299770420985052,((Podarcis_melisellensis:4.394624908367552,Podarcis_gaigeae:2.5129950595364337):1.4795157739222944,(Podarcis_cretensis:4.63207442836991,Podarcis_erhardii:2.090711044075686):1.476598623956549):0.8667818142559205):0.11594126387228396,#H1:2.681136643517285::0.6754684980320069):0.4973792363804296):4.314227023222634);"
lac,3,7,-13966495.03075174,"((Lacerta_agilis:1.5664947153065292,Zootoca_vivipara:2.056012416133536):3.454758198089528,(((Podarcis_raffonei:0.37723057008595795)#H1:5.739797845098518::0.16634803275477195,(Podarcis_muralis:1.0186497620551376,(((Podarcis_vaucheri:0.32453050036166176,Podarcis_bocagei:0.21156986334169126):0.601690096023608,Podarcis_liolepis:4.613570780895197):0.37395778291757054,((Podarcis_pityusensis:1.3669208714937255,Podarcis_tiliguerta:1.4762330583568861):0.08028381879991567)#H2:0.8417765908130151::0.185212428152701):1.716636874365395):0.3344881242676625):0.8451179377471907,(Podarcis_siculus:3.5015258650648997,(#H2:1.3211990892538388::0.814787571847299,(((Podarcis_melisellensis:3.448311944646857,Podarcis_gaigeae:0.2716352713813402):1.2158677246193,(Podarcis_cretensis:0.10775424479687834,Podarcis_erhardii:2.9179053958884227):2.2260033011132756):0.7677280129346475,(#H1:4.665095459766917::0.833651967245228,Podarcis_filfolensis:1.0159774371126105):1.1499524906410366):0.2253009550944438):0.401369449604774):0.006026680191297738):4.31582635437706);"
lac,3,8,-13966650.64512711,"((Zootoca_vivipara:2.3074924879782435,Lacerta_agilis:0.00193264498751266):4.459377524954549,((Podarcis_siculus:2.697839632502279,((((Podarcis_liolepis:0.16875447884562397,(Podarcis_bocagei:0.07989827655925943,Podarcis_vaucheri:0.3002125390016156):0.39171482501735955):0.42200315959069995,((Podarcis_tiliguerta:2.0300584311136145,Podarcis_pityusensis:1.631457283401867):0.2215210779447717)#H2:0.9087151861729024::0.1471820886185502):2.1253441287906636)#H1:3.641418512375981::0.4323463169365235,(#H1:8.99618818778611::0.5676536830634765,(Podarcis_muralis:0.6782680491316447,(Podarcis_raffonei:0.027823227810105156)#H3:0.12095425845350166::0.096206725431489):0.0614389714569903):7.723285357084588):0.39394604772156044):0.1469120815256092,(#H2:0.636353363730074::0.8528179113814498,(((Podarcis_melisellensis:0.8135332446141295,Podarcis_gaigeae:5.633436360397209):0.9161163060482939,(Podarcis_cretensis:1.771797583638203,Podarcis_erhardii:1.429543733056696):1.7504769037406538):0.8134309682531695,(#H3:1.5229591495509567::0.903793274568511,Podarcis_filfolensis:1.674344822548305):0.9366230235044435):0.20917674422296065):0.39210569364166536):4.69693207019746);"
lac,3,9,-13966683.690476827,"((Zootoca_vivipara:2.6114283846001314,Lacerta_agilis:0.05212391765086044):3.962639322498932,((Podarcis_siculus:0.6882845116962091,(Podarcis_muralis:3.736526082101748,((Podarcis_bocagei:6.8719958306430335,(Podarcis_liolepis:0.5447640723388691,Podarcis_vaucheri:0.49347490681262185):0.003455465802488008):2.2560844512686127)#H1:0.8964978468358569::0.6875969351904527):6.968428517605906):0.11719305088621239,((((Podarcis_melisellensis:5.584435461242961,Podarcis_gaigeae:0.923948772963175):1.352487878703981,(Podarcis_cretensis:3.256048090841027,Podarcis_erhardii:2.436613746117054):2.354109301586201):0.8128573613857211,(((Podarcis_tiliguerta:1.8696501912844168,Podarcis_pityusensis:2.861481333959037):0.0767992610220407)#H2:0.9593269627422195::0.37696867146988516,(Podarcis_raffonei:4.573928459430315,Podarcis_filfolensis:2.6226872592304957):0.7256433366459513):0.1022196537208282):0.42524832738496576,(#H1:2.7638401993807795::0.3124030648095473,#H2:2.620892989957613::0.6230313285301148):1.8353406760535946):0.1450022866324545):4.362513656058856);"
lac,3,10,-13967470.53688962,"((Zootoca_vivipara:2.056012416133536,Lacerta_agilis:1.5664947153065292):3.90763179318398,((Podarcis_siculus:3.5015258650648997,(((Podarcis_tiliguerta:1.4762330583568861,Podarcis_pityusensis:1.3669208714937255):0.0677787382886197)#H1:1.153281508826993::0.8179936748849469,(((Podarcis_raffonei:0.37723057008595795)#H3:3.693359623234909::0.21421327815456748)#H2:1.0::0.536495556687,(((Podarcis_melisellensis:3.448311944646857,Podarcis_gaigeae:0.2716352713813402):1.42009342738539,(Podarcis_erhardii:2.9179053958884227,Podarcis_cretensis:0.10775424479687834):1.6347063114191658):0.7866227750021828,(Podarcis_filfolensis:1.0159774371126105,#H3:4.665095459766917::0.7857867218454325):1.4282379000913632):0.1302371589679368):0.10730958695336235):0.3423354381319176):0.018771542628373106,((#H2:1.8559857906486248::0.463504443313,Podarcis_muralis:0.4392071943830985):0.02792558579605442,(#H1:0.5802943772284119::0.1820063251150531,(Podarcis_bocagei:0.08106923316930903,(Podarcis_vaucheri:0.30066081383619186,Podarcis_liolepis:4.580579973963859):0.025210301826106916):1.3786235225360126):0.539833657493005):1.153187949971955):4.511864715591225);"
zoo,1,1,-13983065.50515417,"((Lacerta_agilis:1.7455332896150813,Zootoca_vivipara:3.559288990758583):4.509616402187857,((((Podarcis_filfolensis:3.935055038165765,Podarcis_raffonei:0.901496750485888):0.7192267567401924,((Podarcis_gaigeae:1.1478801141130264,Podarcis_melisellensis:1.103555859476122):1.4947258838846023,(Podarcis_cretensis:0.46354924920952234,Podarcis_erhardii:5.10113304960241):1.8954609550404085):0.7997513120326163):0.1610686546396803,((Podarcis_pityusensis:0.7296043046654175,Podarcis_tiliguerta:3.0691924309612277):0.16528179220022832)#H1:1.0882923611496487::0.7935745261203581):0.396996437748771,(Podarcis_siculus:2.232975087513261,(Podarcis_muralis:2.178431143888311,(#H1:1.5877405491930072::0.20642547387964194,((Podarcis_bocagei:0.06600364086854316,Podarcis_vaucheri:2.513333104726952):0.44170062568313406,Podarcis_liolepis:1.7017483073284008):1.5750747333701005):0.6603140702974744):1.068047788063546):0.08274534426099062):4.5703173732508695);"
zoo,1,2,-13991432.226920515,"((Lacerta_agilis:4.75304565144215,Zootoca_vivipara:2.0554932544507816):3.8185857226586637,((Podarcis_siculus:1.9126233472347347,(Podarcis_muralis:6.722922104399116,((Podarcis_vaucheri:0.6551973682360037,Podarcis_bocagei:1.1756996006604092):0.2369814211804655,(Podarcis_liolepis:1.052611813008344,((Podarcis_pityusensis:3.45131909675539,Podarcis_tiliguerta:0.012004083085309016):0.17103328003304274)#H1:0.1785139046579237::0.11200503129902606):0.4285495205855224):2.47971812722788):1.0525084784325476):0.08751573135653772,(((Podarcis_filfolensis:1.7765883179298672,Podarcis_raffonei:0.001727553997429923):0.729418607029703,((Podarcis_erhardii:0.7494550745432849,Podarcis_cretensis:0.035907162310924834):1.5784401795379694,(Podarcis_gaigeae:0.818617612620151,Podarcis_melisellensis:2.1878487414205825):1.4998804591904056):0.8875804129249113):0.23609520946046517,#H1:0.6381141610627507::0.8879949687009739):0.2871555952630511):4.675929984278795);"
zoo,1,3,-13994768.07146883,"((Lacerta_agilis:4.75304565144215,Zootoca_vivipara:2.0554932544507816):3.759635398615376,((Podarcis_siculus:1.9126233472347347,(Podarcis_muralis:6.722922104399116,(((Podarcis_liolepis:1.052611813008344,Podarcis_vaucheri:0.4881650765201706):0.03723983337697924,Podarcis_bocagei:1.1756996006604092):0.3116777270149125,((Podarcis_tiliguerta:0.012004083085309016,Podarcis_pityusensis:3.45131909675539):0.1564078803332557)#H1:0.967548917812727::0.12761904566277038):2.5366435841140267):1.0855197283839533):0.10665588240571951,(((Podarcis_raffonei:0.001727553997429923,Podarcis_filfolensis:1.7765883179298672):0.8123887135507211,((Podarcis_melisellensis:2.1878487414205825,Podarcis_gaigeae:0.818617612620151):1.117834923529267,(Podarcis_erhardii:0.7494550745432849,Podarcis_cretensis:0.035907162310924834):1.7016897320416304):0.8353995438584373):0.20678234667844436,#H1:0.7794436365900347::0.8723809543372296):0.31249262320346516):4.465451033309925);"
zoo,1,4,-14003281.09737425,"((Lacerta_agilis:1.4959251452442537,Zootoca_vivipara:0.48011746889459517):4.510497974501768,((Podarcis_siculus:0.5034976356695329,(((Podarcis_vaucheri:1.3990418153983177,(Podarcis_liolepis:0.6319416931640423,Podarcis_bocagei:7.152583279642245):0.2960804670642299):2.443936171951612)#H1:0.2929204513827349::0.7235612330269408,Podarcis_muralis:1.2766730586691506):3.2209569168167427):0.10242215989094865,((((Podarcis_erhardii:1.1288169941861959,Podarcis_cretensis:1.048207691212996):2.277425642351177,(Podarcis_gaigeae:2.7204029342918785,Podarcis_melisellensis:9.94889104259364):1.6224674906315077):0.8537759096479622,(Podarcis_filfolensis:1.239881795641263,Podarcis_raffonei:1.8516528162694734):0.6652725526259662):0.2592954130868048,(#H1:5.4637942617125415::0.27643876697305925,(Podarcis_pityusensis:2.167669539257778,Podarcis_tiliguerta:0.8023375371658792):0.06857295459515067):0.5984062606056668):0.2918611856158252):4.567597678333504);"
zoo,1,5,-14005072.648315256,"((Lacerta_agilis:0.22180703953209063,Zootoca_vivipara:4.201075545397449):3.5545947274246847,((Podarcis_siculus:6.931560117812269,(Podarcis_muralis:2.1267736902872167,((Podarcis_vaucheri:3.8458560495320455,(Podarcis_bocagei:0.15566413324880118,Podarcis_liolepis:1.9719210824138769):0.04050426177225375):2.599625257912063)#H1:0.37923336322439644::0.7571714610304066):3.1123199881910155):0.09844707948219822,(((Podarcis_filfolensis:1.774080002524573,Podarcis_raffonei:0.2307150433563656):0.836577137354296,((Podarcis_cretensis:0.2653114071549407,Podarcis_erhardii:6.446292240944761):1.7594354164898358,(Podarcis_gaigeae:1.46632228339843,Podarcis_melisellensis:1.2864753353367258):1.408298483854851):0.8488406419980142):0.21847127757652046,(Podarcis_pityusensis:0.9312499812462081,(Podarcis_tiliguerta:3.2023051208196804,#H1:2.076664426716626::0.24282853896959344):0.41058737793714933):0.6627213030890722):0.3253904457937045):4.981523012447187);"
zoo,1,6,-14005073.782072833,"((Zootoca_vivipara:2.0554932544507816,Lacerta_agilis:4.75304565144215):3.8296534197776464,((((Podarcis_raffonei:0.001727553997429923,Podarcis_filfolensis:1.7765883179298672):0.6825681927563342,((Podarcis_melisellensis:2.1878487414205825,Podarcis_gaigeae:0.818617612620151):1.0495544645724753,(Podarcis_cretensis:0.035907162310924834,Podarcis_erhardii:0.7494550745432849):1.8285977491102208):0.8551182606081561):0.29706684491612023,((Podarcis_pityusensis:3.45131909675539,Podarcis_tiliguerta:0.012004083085309016):0.17141039155026233)#H1:0.7089005656174954::0.8723809543372296):0.3323805689946686,(Podarcis_siculus:1.9126233472347347,(Podarcis_muralis:6.722922104399116,(Podarcis_bocagei:1.1756996006604092,(#H1:0.967548917812727::0.12761904566277038,(Podarcis_vaucheri:0.4881650765201706,Podarcis_liolepis:1.052611813008344):0.003723154406139066):0.012651388566994399):2.777808022552504):1.1036583253987535):0.10665588240571951):4.390423024167103);"
zoo,1,7,-14006981.189202143,"((Lacerta_agilis:1.4959251452442537,Zootoca_vivipara:0.48011746889459517):4.706638265791784,(((((Podarcis_gaigeae:2.7204029342918785,Podarcis_melisellensis:9.94889104259364):1.627322819959685,(Podarcis_cretensis:1.048207691212996,Podarcis_erhardii:1.1288169941861959):2.4733117383789773):0.8101007537342398,(Podarcis_filfolensis:1.239881795641263,Podarcis_raffonei:1.8516528162694734):0.4818393599500412):0.28026449413238547,(Podarcis_tiliguerta:0.4370733721259923,(Podarcis_pityusensis:1.5182842551474678,(((Podarcis_vaucheri:1.3990418153983177,Podarcis_liolepis:0.65469003557943):0.10309832647590841,Podarcis_bocagei:7.152583279642245):2.095873922054077)#H1:4.2200634796777905::0.25835261698782164):0.30352130368946606):0.8110700256170128):0.31073986995514047,(Podarcis_siculus:0.5034976356695329,(Podarcis_muralis:1.2766730586691506,#H1:0.15298004341212193::0.7416473830121784):2.4727642270028594):0.10183119611828154):4.512557745186731);"
zoo,1,8,-14008391.061881667,"((Zootoca_vivipara:0.9086429791548594,Lacerta_agilis:1.1555657405698185):4.396654791817072,((Podarcis_muralis:1.1545328795936536,((Podarcis_liolepis:8.952923992101995,(Podarcis_vaucheri:0.035689565159990354,Podarcis_bocagei:1.6997487115696384):0.6415249631401686):1.7173675340130798)#H1:2.2664233873514514::0.7786988828345992):2.0929588161349337,(Podarcis_siculus:4.3539275254493575,((((Podarcis_gaigeae:3.9108037954195725,Podarcis_melisellensis:11.116661195979294):1.1422953866264385,(Podarcis_erhardii:3.8306983895036657,Podarcis_cretensis:2.8754201986309305):1.4255295314676166):0.8647722691198771,(Podarcis_raffonei:1.4680597935387363,Podarcis_filfolensis:3.169373213391702):0.8466642841696719):0.267283064700206,(Podarcis_tiliguerta:1.7099640607732463,(Podarcis_pityusensis:4.295875823662157,#H1:1.9058452034006272::0.2213011171654008):0.4781745344568321):0.6092628023697664):0.24196362824316997):0.026736915870558826):4.841161697832404);"
zoo,1,9,-14008926.319109425,"((Zootoca_vivipara:1.895971383699833,Lacerta_agilis:0.10674792558947185):5.336327275444604,((Podarcis_muralis:3.8891251319955957,((Podarcis_liolepis:2.36902311235774,(Podarcis_bocagei:2.120769787960553,Podarcis_vaucheri:2.3322006075038555):0.19664541694177182):0.894836274631635,((Podarcis_tiliguerta:0.5994199313341877,Podarcis_pityusensis:1.5082127890103423):0.26469547496055185)#H1:1.5617556433546638::0.13242583694701715):1.584548414126969):1.1602206944306206,(Podarcis_siculus:1.715922522895492,((((Podarcis_cretensis:10.603896899631582,Podarcis_erhardii:2.2065406600619326):1.750511408264924,(Podarcis_melisellensis:5.12946163699481,Podarcis_gaigeae:0.45239916157608595):0.9762866984804538):0.9213169946600676,(Podarcis_raffonei:1.6444644595478892,Podarcis_filfolensis:5.208086902150852):0.9271756557626236):0.2092315542072902,#H1:0.44318383926324534::0.8675741630529828):0.28726228405712406):0.0076497977050142725):4.797632162554623);"
zoo,1,10,-14009154.385232588,"((Lacerta_agilis:1.9687856601569735,Zootoca_vivipara:1.1920243543372058):3.8217121294709084,((Podarcis_siculus:1.276172678863536,(Podarcis_muralis:0.9205142486606446,((Podarcis_vaucheri:1.5732650290668242,(Podarcis_bocagei:0.9127075305411667,Podarcis_liolepis:7.87972848114264E-5):0.026234000049635168):1.0219173196230928,((Podarcis_pityusensis:2.126971547826353,Podarcis_tiliguerta:0.09744288291112752):0.307418520142673)#H1:0.5920291281773349::0.15585974112302292):1.8033150919592913):1.0896427213650173):0.10169547323901995,(((Podarcis_filfolensis:7.430989537809529,Podarcis_raffonei:0.9165846686965868):0.7474561592949293,((Podarcis_melisellensis:5.381909008116924,Podarcis_gaigeae:5.752477937673429):1.6964979431042029,(Podarcis_erhardii:0.44397670030315006,Podarcis_cretensis:1.005608108808541):1.8116530091436718):0.6656496509041405):0.2555975885245875,#H1:1.1469144522047248::0.8441402588769771):0.3009001808808555):4.589485368709035);"
zoo,2,1,-13982452.010118585,"((Zootoca_vivipara:1.9666899331891763,Lacerta_agilis:0.1270627556624384):4.106178786083641,((Podarcis_siculus:2.530184921512638,(Podarcis_muralis:3.6723571185672252,((Podarcis_liolepis:0.9766658768355059,(Podarcis_vaucheri:3.140335882152674,Podarcis_bocagei:12.881377176113205):0.5705551842100453):2.2589560742966897)#H1:0.3572327039551306::0.7929613082818971):2.466984035012358):0.12113510480700293,(((Podarcis_raffonei:2.647019782173601,Podarcis_filfolensis:1.0398717287427868):0.7124823380311951,((Podarcis_melisellensis:5.054890163305618,Podarcis_gaigeae:1.9208159142608343):0.9995655994417336,(Podarcis_cretensis:3.149010914260927,Podarcis_erhardii:3.665449869606184E-4):1.991340196502084):0.8133276218343145):0.27842486096070274,(Podarcis_tiliguerta:8.261724818183279,(Podarcis_pityusensis:0.8854607838795996,#H1:0.42910201520081787::0.20703869171810285):1.979157024705489):0.6558204709853669):0.309646053723174):4.5830438673785);"
zoo,2,2,-13985747.081892928,"((Zootoca_vivipara:1.714559101931088,Lacerta_agilis:0.9899479899796724):4.139695276046985,((Podarcis_siculus:1.925413906429593,(Podarcis_muralis:2.73304846386565,(((Podarcis_pityusensis:4.054582775604084,Podarcis_tiliguerta:1.5437117835342038):0.3163840257784516)#H1:0.12300649473216492::0.16675279073155158,(Podarcis_liolepis:5.215674201395111,(Podarcis_vaucheri:3.3021364511766165,Podarcis_bocagei:2.3640745773403395):0.1450212589745566):0.6845931406395803):1.93700156670712):0.957692676614066):0.11460457406372468,(#H1:0.41174535511380855::0.8332472092684484,(((Podarcis_melisellensis:3.7211725345864073,Podarcis_gaigeae:2.1097099178273817):1.2842009055310608,(Podarcis_cretensis:1.7968320741601929,Podarcis_erhardii:1.2674338238727825):1.8573852345242234):0.7986414926071831,(Podarcis_filfolensis:1.8998801226553041,Podarcis_raffonei:0.6181041422724598):0.7247860699985823):0.24281015530024852):0.3464879241078819):4.507709804644774);"
zoo,2,3,-13989881.068827715,"((Zootoca_vivipara:2.233686398781024,Lacerta_agilis:1.7553023134118857):4.365609216232028,((((Podarcis_tiliguerta:0.1381093312720556,Podarcis_pityusensis:6.367019215157013):0.08372291284112576)#H1:0.8459150434128333::0.3951967038387981,(((Podarcis_raffonei:2.321576568600902,Podarcis_filfolensis:1.0450228774288357):0.7182377406706989,((Podarcis_melisellensis:0.05425892243340025,Podarcis_gaigeae:2.4943917631263393):1.1131940163489118,(Podarcis_erhardii:1.0276738820227778,Podarcis_cretensis:4.834727945629648):1.684288467170705):0.784022284205085):0.19384564308587063,(#H1:0.6974748853439328::0.6048032961612019)#H2:3.2122222776118647::0.8031983602280399):0.00902085939336833):0.33002890736734936,(Podarcis_siculus:3.3319495315733096,(Podarcis_muralis:7.267141906180202,(((Podarcis_vaucheri:0.4019538833207831,Podarcis_bocagei:6.027771403353118):0.28493415009563344,Podarcis_liolepis:3.640462678038233):0.782530030883949,#H2:3.099827255089053::0.19680163977196008):1.81038784233787):1.1479534880863025):0.06885814500589219):4.812044946896699);"
zoo,2,4,-13992725.226226635,"((Zootoca_vivipara:2.233686398781024,Lacerta_agilis:1.7553023134118857):3.041052893614384,((((Podarcis_pityusensis:5.627807431009641,Podarcis_tiliguerta:0.70896498368975):0.12323952183594013)#H1:1.0562779517422058::0.800774962669743,(((Podarcis_gaigeae:10.763600436437336,Podarcis_melisellensis:1.0992586985928958):1.7394853193472293,(Podarcis_erhardii:1.0276738820227778,Podarcis_cretensis:4.834727945629648):1.9281322283143325):0.8022269504605218,(Podarcis_filfolensis:2.4774565067198075,Podarcis_raffonei:0.8891429393099302):0.7329504526358643):0.15802953331397707):0.4111360818225602,(Podarcis_siculus:3.4897206543948984,(Podarcis_muralis:7.308401623931973,(#H1:3.472078844036746::0.19922503733025698,(Podarcis_liolepis:1.0452565320425622,((Podarcis_vaucheri:0.8200865168727139)#H2:1.0149978728901132::0.47888379201803777,(Podarcis_bocagei:6.158431002998498,#H2:0.011251296634424765::0.5211162079819622):0.11805577646409657):0.14409596831230334):1.539556434307192):0.7191232795749071):1.164305052494275):0.041541167423963105):4.500328160657063);"
zoo,2,5,-13993081.935360862,"((Zootoca_vivipara:2.233686398781024,Lacerta_agilis:1.7553023134118857):3.5994840482889865,((Podarcis_siculus:3.4897206543948984,(Podarcis_muralis:7.267141906180201,((((Podarcis_tiliguerta:0.70896498368975,Podarcis_pityusensis:5.627807431009641):0.1483275724292992)#H2:2.1419916637769143::0.15768903025325262)#H1:1.1708235989349376::0.591592649294296,(Podarcis_liolepis:1.703139291378059,(#H1:1.0318501261281818::0.408407350705704,(Podarcis_vaucheri:0.8313378135071388,Podarcis_bocagei:6.158431002998498):0.04082143136394262):0.21783319001021312):1.5764839615946444):1.085212920899569):1.1403723117458866):0.09558589353736169,(#H2:0.6210898211703109::0.8423109697467474,(((Podarcis_gaigeae:10.763600436437336,Podarcis_melisellensis:1.0992586985928958):1.6669914552222795,(Podarcis_cretensis:4.834727945629648,Podarcis_erhardii:1.0276738820227778):1.9707865609120172):0.9010287135769216,(Podarcis_raffonei:0.8891429393099302,Podarcis_filfolensis:2.4774565067198075):0.5641248269351375):0.1936434478004269):0.3753876521090205):4.806815976597402);"
zoo,2,6,-13993695.49297036,"((Lacerta_agilis:1.7553023134118857,Zootoca_vivipara:2.233686398781024):3.2633148076116734,((Podarcis_siculus:3.4897206543948984,(Podarcis_muralis:7.308401623931973,(((Podarcis_tiliguerta:0.70896498368975,Podarcis_pityusensis:5.627807431009641):0.1085577589048728)#H1:3.7327118922614266::0.17333963870899638,((Podarcis_liolepis:0.55094217059962)#H2:0.49431436144294216::0.5575668026326505,((Podarcis_vaucheri:0.8313378135071388,Podarcis_bocagei:6.158431002998498):0.051500126062670425,#H2:1.0149978728901132::0.44243319736734954):0.22641045008139066):1.592961972553495):0.8198243583560021):0.9345440407728047):0.12407684869000517,(#H1:0.7523058541809453::0.8266603612910036,(((Podarcis_gaigeae:10.763600436437336,Podarcis_melisellensis:1.0992586985928958):1.7250163549494,(Podarcis_erhardii:1.0276738820227778,Podarcis_cretensis:4.834727945629648):1.790029540487642):0.8490629425672103,(Podarcis_raffonei:0.8891429393099302,Podarcis_filfolensis:2.4774565067198075):0.6621531774894973):0.1988840273446233):0.3454997087129749):4.553632298145507);"
zoo,2,7,-13994497.18239141,"((Zootoca_vivipara:1.9666899331891763,Lacerta_agilis:0.1270627556624384):4.332850225996294,(((Podarcis_siculus:1.5596666649946593)#H1:0.9705182565179786::0.4881879493674983,(((Podarcis_liolepis:0.9766658768355059,(Podarcis_bocagei:12.881377176113205,Podarcis_vaucheri:3.140335882152674):0.17088349676714637):2.376099374640634)#H2:0.2695153082909958::0.751952650302543,Podarcis_muralis:3.6723571185672252):2.780407805943627):0.2521539034693199,(#H1:1.0::0.5118120506325017,(((Podarcis_raffonei:2.647019782173601,Podarcis_filfolensis:1.0398717287427868):0.5548506080814963,((Podarcis_cretensis:3.149010914260927,Podarcis_erhardii:3.665449869606184E-4):2.2597618976260203,(Podarcis_gaigeae:1.9208159142608343,Podarcis_melisellensis:5.054890163305618):1.1158979706778889):0.851704151068401):0.32080069105242737,(Podarcis_tiliguerta:8.261724818183279,(Podarcis_pityusensis:0.8854607838795996,#H2:1.1445710706065702::0.248047349697457):1.7235946348181277):0.7889761777436864):0.18617214542687116):0.11089193136712115):4.791546588719199);"
zoo,2,8,-13995163.499021828,"((Zootoca_vivipara:1.714559101931088,Lacerta_agilis:0.9899479899796724):5.002154422640459,((Podarcis_siculus:1.925413906429593,(Podarcis_muralis:2.73304846386565,(((Podarcis_tiliguerta:1.5437117835342038,Podarcis_pityusensis:4.054582775604084):0.18825365563467056)#H1:0.026485457035531623::0.1378534005777164,(Podarcis_bocagei:2.7503986343066362,(Podarcis_liolepis:5.215674201395111,Podarcis_vaucheri:3.158904279979102):0.14467890017502913):0.8645426639023364):1.4869275314493209):1.1183819550135166):0.08130332833197097,(((Podarcis_filfolensis:1.8998801226553041,Podarcis_raffonei:0.6181041422724598):0.601516567728829,((Podarcis_melisellensis:3.7211725345864073,Podarcis_gaigeae:2.1097099178273817):1.26440263746652,(Podarcis_erhardii:1.2674338238727825,Podarcis_cretensis:1.7968320741601929):1.5599332409452895):0.8417341539466441):0.25698804299980643,#H1:0.8644101449140961::0.8621465994222837):0.3044283662168629):4.897733541755607);"
zoo,2,9,-13995439.874960642,"((Lacerta_agilis:1.6801201746481693,Zootoca_vivipara:2.688461315404246):3.8549540412552656,(((Podarcis_muralis:10.156196902115862,((Podarcis_liolepis:2.3389604382737392,(Podarcis_bocagei:0.12545715439855504,Podarcis_vaucheri:1.5739282852190568):0.4016784043886541):2.3747158790036655)#H1:2.2507510484147395::0.605980586845384):2.8137802371682157,(((Podarcis_pityusensis:1.2330019296422872,Podarcis_tiliguerta:0.41189242104532964):0.5546076264894878)#H2:1.3532694878143288::0.36725456100645343,#H1:3.5019604231075143::0.39401941315461597):1.2018424978213424):0.2751952457108786,(Podarcis_siculus:4.647321663532097,(((Podarcis_filfolensis:0.1480165415279057,Podarcis_raffonei:3.6911527579731542):0.5308734539963123,((Podarcis_gaigeae:1.9088077937197063,Podarcis_melisellensis:1.7882999268154438):1.1178610288076842,(Podarcis_erhardii:1.7158706665998764,Podarcis_cretensis:0.27124822206242527):1.3054464034485316):0.8606040764865468):0.07789687842749624,#H2:0.2780171994018385::0.6327454389935465):0.4988453989027747):9.110328211144603E-4):4.858184746620396);"
zoo,2,10,-13995715.768724047,"((Lacerta_agilis:0.1270627556624384,Zootoca_vivipara:1.9666899331891763):4.395136238740171,(((Podarcis_tiliguerta:4.601231108067244)#H1:1.0::0.19905797604351327,((((Podarcis_erhardii:3.665449869606184E-4,Podarcis_cretensis:3.149010914260927):2.241051549540196,(Podarcis_gaigeae:1.9208159142608343,Podarcis_melisellensis:5.054890163305618):1.0631937668413223):0.831893417476492,(Podarcis_filfolensis:1.0398717287427868,Podarcis_raffonei:2.647019782173601):0.5141933416328258):0.2543255180844626,(#H1:3.6604937101160337::0.8009420239564867,((((Podarcis_bocagei:12.881377176113205,Podarcis_vaucheri:3.140335882152674):0.44599262597562817,Podarcis_liolepis:0.9766658768355059):2.386594438682459)#H2:0.8493049389714563::0.24018831950458294,Podarcis_pityusensis:0.8854607838795996):1.6717155767970746):0.8427864858438237):0.14234910160455175):0.1866315533575726,(Podarcis_siculus:2.530184921512638,(Podarcis_muralis:3.6723571185672252,#H2:0.14552396907616463::0.759811680495417):2.614030430846841):0.12381439233732379):4.759116667699776);"
zoo,3,1,-13964440.930914765,"((Zootoca_vivipara:3.1575786772352314,Lacerta_agilis:0.007026818895586706):3.503120859957739,(((((Podarcis_cretensis:6.987470956816114,Podarcis_erhardii:7.944798465468173):1.8958212260563392,(Podarcis_gaigeae:6.2529328222224585,Podarcis_melisellensis:2.010618361413497):1.6047787705057563):0.18485166678039114)#H1:5.106632381680237::0.7254146591536677,(((Podarcis_pityusensis:1.7627101406992205,Podarcis_tiliguerta:1.0594508908364404):0.41478470237173326)#H2:0.25647061451986053::0.8349007282036675,((Podarcis_raffonei:1.7000611833401198)#H3:0.3779399497602668::0.8131654962722344,(#H1:1.2320712495928512::0.27458534084633235,Podarcis_filfolensis:7.936996159250791):0.7156923132780353):2.9574852673634533):0.05965032015052614):0.3344375569956119,((Podarcis_siculus:0.8830019603145827,#H3:0.16428955048019322::0.18683450372776556):0.6492427889079149,(Podarcis_muralis:1.2426410914265045,((Podarcis_liolepis:0.08313947339383364,(Podarcis_vaucheri:5.658777619497666,Podarcis_bocagei:1.9939652880759202):0.23629782479371253):0.7116667214766711,#H2:3.266748646081592::0.16509927179633255):1.5858233225339458):1.0393060693689753):0.12105946766825146):4.7489199606789265);"
zoo,3,2,-13966070.717808763,"((Zootoca_vivipara:3.1575786772352314,Lacerta_agilis:0.007026818895586706):4.239399566553271,(((((Podarcis_erhardii:7.944798465468173,Podarcis_cretensis:6.987470956816114):1.669551142507175,(Podarcis_gaigeae:6.2529328222224585,Podarcis_melisellensis:2.010618361413497):1.188989188619465):0.18114691738144512)#H1:5.3807951161376515::0.7393234241007322,(((Podarcis_pityusensis:1.7627101406992205,Podarcis_tiliguerta:1.0594508908364404):0.2571604177097189)#H2:0.6522299007035988::0.8296446771058674,(Podarcis_filfolensis:7.936996159250791,(#H1:2.826616996705241::0.26067657589926785,(Podarcis_raffonei:1.7000611833401198)#H3:0.3779399497602668::0.7772386213928866):0.030658662156684956):2.4161747538474576):0.15889760030246253):0.31518299051734694,((Podarcis_siculus:1.6946127879119353,#H3:0.16428955048019322::0.22276137860711342):0.35424763850491725,(Podarcis_muralis:1.2426410914265045,(((Podarcis_vaucheri:5.658777619497666,Podarcis_liolepis:0.05485787710144702):0.01871620772261682,Podarcis_bocagei:2.196926658202218):0.5012407318722726,#H2:2.79798142060607::0.17035532289413258):2.0461251682181354):0.9794484206642614):0.12644971182667747):4.508680913887274);"
zoo,3,3,-13970100.407517398,"((Zootoca_vivipara:3.1575786772352314,Lacerta_agilis:0.007026818895586706):4.535406722551891,((Podarcis_siculus:1.8880178344669303,((Podarcis_raffonei:1.7000611833401198)#H1:0.16428955048019322::0.28851407957371755,(Podarcis_muralis:1.2426410914265045,((Podarcis_liolepis:0.22918797213720452,Podarcis_bocagei:2.0599463917553327):0.04627116944385354,(Podarcis_vaucheri:5.658777619497666,((Podarcis_pityusensis:1.7627101406992205,Podarcis_tiliguerta:1.0594508908364404):0.40426928807472184)#H2:3.269780997298789::0.11854238236800152):0.007869301224338687):2.4566521232444956):0.9755677103177209):0.10918032980182549):0.0933942856054291,((((Podarcis_erhardii:7.944798465468173,Podarcis_cretensis:6.987470956816114):1.8145069207297768,(Podarcis_melisellensis:2.010618361413497,Podarcis_gaigeae:6.2529328222224585):1.6092753642043396):0.45010139434259844)#H3:4.995841331873121::0.571783311971202,(#H2:0.23727540285791313::0.8814576176319985,(#H3:1.0254046643833206::0.428216688028798,(Podarcis_filfolensis:7.936996159250791,#H1:0.14754802042945203::0.7114859204262824):0.8214477270154662):1.4674005436568531):0.1578815894482309):0.2730566171025291):4.453940295030289);"
zoo,3,4,-13970206.527292825,"((Lacerta_agilis:0.007026818895586706,Zootoca_vivipara:3.1575786772352314):4.610585952360221,(((Podarcis_raffonei:1.7000611833401198)#H1:0.5021377109690435::0.42488153245038063,((((Podarcis_erhardii:7.944798465468173,Podarcis_cretensis:6.987470956816114):1.748794565427658,(Podarcis_melisellensis:2.010618361413497,Podarcis_gaigeae:6.2529328222224585):1.594370379038998):0.3186943892459097)#H2:5.213366908961932::0.6322037647016607,(((Podarcis_pityusensis:1.7627101406992205,Podarcis_tiliguerta:1.0594508908364404):0.026847409539935044)#H3:1.5326969756247553::0.8472595794339551,(#H2:2.657516196698044::0.3677962352983392,(#H1:0.3779399497602668::0.5751184675496194,Podarcis_filfolensis:0.6973022493176293):7.197127838984852):1.844955945599302):0.1305248452733785):0.09981074086285992):0.17564794270973277,(Podarcis_siculus:1.8115803430474418,(Podarcis_muralis:1.2426410914265045,(#H3:1.8605932842244524::0.15274042056604487,((Podarcis_bocagei:2.1969266582022184,Podarcis_vaucheri:5.9349744380458755):0.26711976406182547,Podarcis_liolepis:0.9042292830237786):0.6458020414924002):1.3916338027254482):1.1042546642307165):0.06931545013373265):4.617240929668244);"
zoo,3,5,-13970255.790976578,"((Zootoca_vivipara:3.1575786772352314,Lacerta_agilis:0.007026818895586706):4.997299456149001,((Podarcis_siculus:1.8880178344669303,((Podarcis_raffonei:1.7000611833401198)#H1:0.16428955048019322::0.17943973083352976,(Podarcis_muralis:1.2426410914265045,((Podarcis_vaucheri:5.094601651219131,Podarcis_bocagei:2.0599463917553327):0.27163192201480446,(Podarcis_liolepis:0.011532197919541985,((Podarcis_pityusensis:1.7627101406992205,Podarcis_tiliguerta:1.0594508908364404):0.350180238470148)#H2:2.6901964349452703::0.15248258661104608):0.17909000682321297):2.3895257435532744):0.9626059364498187):0.24207127380445875):0.09080499009557955,((((Podarcis_erhardii:7.944798465468173,Podarcis_cretensis:6.987470956816114):1.3853724669797398,(Podarcis_melisellensis:2.010618361413497,Podarcis_gaigeae:6.2529328222224585):1.5819318353245675):0.6704425852780305)#H3:4.763335105173148::0.3956100202012095,(#H2:0.29783210015687495::0.8475174133889539,(#H3:0.45979620863958587::0.6043899797987905,(Podarcis_filfolensis:7.936996159250791,#H1:0.14754802042945203::0.8205602691664702):1.0056103494418447):0.7357902402404094):0.40267293975935353):0.11521598678119285):4.401108353502018);"
zoo,3,6,-13970976.32738872,"((Zootoca_vivipara:3.1575786772352314,Lacerta_agilis:0.007026818895586706):5.346456948181346,(((Podarcis_siculus:1.2790772813931937,(Podarcis_raffonei:1.7000611833401198)#H1:0.5021377109690435::0.3079845183208223):0.1657837882718714,(Podarcis_muralis:1.2426410914265045,(((Podarcis_pityusensis:1.7627101406992205,Podarcis_tiliguerta:1.0594508908364404):0.3202272559999102)#H2:2.715850970161839::0.15814093560620002,((Podarcis_vaucheri:5.917726093584694,Podarcis_bocagei:2.4044473394536476):0.38782492148102016,Podarcis_liolepis:1.0743811677726913):0.9089792426850757):1.2001307065956168):1.0352857712486305):0.12353769484771897,((((Podarcis_melisellensis:2.010618361413497,Podarcis_gaigeae:6.2529328222224585):1.5026826843250678,(Podarcis_cretensis:6.987470956816114,Podarcis_erhardii:7.944798465468173):2.1066578379487004):0.5254056009381634)#H3:4.621639231579949::0.3857155284762501,(#H2:0.3105843527936772::0.8418590643938,(#H3:1.5116672914741427::0.6142844715237499,(Podarcis_filfolensis:0.6973022493176293,#H1:0.3779399497602668::0.6920154816791777):7.607679512505521):0.8991725333492628):0.34523743622967756):0.11618182578065595):4.752515634408078);"
zoo,3,7,-13972002.846946314,"((Lacerta_agilis:0.6106555640744502,Zootoca_vivipara:1.978937588727256):5.855583597136542,((((Podarcis_pityusensis:1.6742165702899046,Podarcis_tiliguerta:1.4796636412735702):0.2197341338522052)#H1:1.061979284178133::0.8029168046575952,(((Podarcis_erhardii:0.07100110770950752,Podarcis_cretensis:1.4824741401891006):1.763461688534998,((Podarcis_gaigeae:0.14957515733655116)#H2:1.0::0.4306261334942766,(Podarcis_melisellensis:1.501737034300648,#H2:0.024859861013686733::0.5693738665057234):0.02116366495198041):1.610977430865571):0.8698181566402653,((Podarcis_raffonei:2.749571239914264)#H3:0.5611153437706436::0.9033949342892891,Podarcis_filfolensis:4.143215014619329):0.8478658005020338):0.1970686038312372):0.4287120818911609,(Podarcis_siculus:3.827868744052111,(Podarcis_muralis:5.3351579597398455,((Podarcis_liolepis:8.517318458747052,(Podarcis_bocagei:1.0017991216658204,Podarcis_vaucheri:0.2026292969234613):0.4056412805843332):1.4335335302044578,(#H1:2.262282175543147::0.19708319534240484,#H3:0.8148447603431631::0.09660506571071092):0.9105105532577729):0.7658423376262355):1.129405046971463):0.08212196875186162):4.519000276305466);"
zoo,3,8,-13974416.643700596,"((Lacerta_agilis:0.007026818895586706,Zootoca_vivipara:3.1575786772352314):4.000689288347861,((Podarcis_siculus:1.8880178344669303,((Podarcis_raffonei:1.7000611833401198)#H1:0.16428955048019322::0.23493557706646012,(Podarcis_muralis:1.2426410914265045,((Podarcis_vaucheri:5.658777619497666,(Podarcis_bocagei:2.0599463917553327,Podarcis_liolepis:0.08313947339383364):0.15126037748097176):0.4162173059466061,((Podarcis_pityusensis:1.7627101406992205,Podarcis_tiliguerta:1.0594508908364404):0.36694355000694007)#H2:3.2936747969538276::0.1637524710132452):1.8761048291777176):0.7857500903475042):0.3563398533675462):0.09985152746766501,((((Podarcis_gaigeae:6.2529328222224585,Podarcis_melisellensis:2.010618361413497):1.5240018228221162,(Podarcis_cretensis:6.987470956816114,Podarcis_erhardii:7.944798465468173):2.0130591091269214):0.4447397401597044)#H3:4.986709611704136::0.6506803969308845,(#H2:0.4601516136052861::0.8362475289867548,(#H1:0.3779399497602668::0.7650644229335399,(#H3:0.2669852940391068::0.34931960306911547,Podarcis_filfolensis:7.936996159250791):0.4367134989708932):2.1013549502532998):0.1744028719191142):0.27102574772843707):4.172393598361699);"
zoo,3,9,-13975863.611375276,"((Lacerta_agilis:0.007026818895586706,Zootoca_vivipara:3.1575786772352314):4.85770918261267,(((((Podarcis_cretensis:6.987470956816114,Podarcis_erhardii:7.944798465468173):1.5678913648846469,(Podarcis_melisellensis:2.010618361413497,Podarcis_gaigeae:6.2529328222224585):1.3995346549126866):0.5685124111768194)#H1:5.046786046771982::0.37089882380228234,(((Podarcis_pityusensis:1.7627101406992205,Podarcis_tiliguerta:1.0594508908364404):0.24403649655880938)#H2:0.36191549804644724::0.8906535780307481,(#H1:0.7625563127094661::0.6291011761977177,(Podarcis_filfolensis:7.936996159250791,(Podarcis_raffonei:1.7000611833401198)#H3:0.14754802042945203::0.812240636182825):0.9283567421347955):0.7004812755705977):0.30093329584042194):0.1228771031652562,(Podarcis_siculus:1.8880178344669303,(#H3:0.16428955048019322::0.18775936381717495,(Podarcis_muralis:1.2426410914265045,(Podarcis_vaucheri:5.704183622023104,(Podarcis_bocagei:2.0599463917553327,(Podarcis_liolepis:0.011532197919541985,#H2:2.90822825254574::0.10934642196925193):0.20791896507753332):0.014687631226695703):2.303958206543654):0.9406334246741883):0.2892212167087202):0.06461520682138436):4.298276999996978);"
zoo,3,10,-13976235.224521447,"((Lacerta_agilis:0.007026818895586706,Zootoca_vivipara:3.1575786772352314):4.082922319554442,((Podarcis_siculus:1.8880178344669303,((Podarcis_raffonei:1.7000611833401198)#H1:0.16428955048019322::0.16943438779884293,(Podarcis_muralis:1.2426410914265045,((Podarcis_bocagei:2.0599463917553327,(Podarcis_liolepis:0.18374807338991825,Podarcis_vaucheri:5.658777619497666):0.0769120022695865):0.14365522373742648,((Podarcis_tiliguerta:1.0594508908364404,Podarcis_pityusensis:1.7627101406992205):0.45020915756602753)#H2:3.2059354685678896::0.15954361778634107):2.2380627930513217):0.8869072565247159):0.2793018252968412):0.08861012758114167,((((Podarcis_erhardii:7.944798465468173,Podarcis_cretensis:6.987470956816114):1.893143398063922,(Podarcis_melisellensis:2.010618361413497,Podarcis_gaigeae:6.2529328222224585):1.5334898130589363):0.37628252412972646)#H3:4.938853473181058::0.6381852909703298,(#H2:0.12301960752938651::0.8404563822136589,(#H1:0.3779399497602668::0.8305656122011571,(Podarcis_filfolensis:7.936996159250791,#H3:0.5571050790101341::0.36181470902967017):0.7555364803082988):1.980355094651421):0.14651724871236077):0.2430705723793402):4.371390053966865);"
